"prod_date","duration","total","max","co2"
2021-09-16,14,14.636040,3.290876,14.592132
2021-09-17,14,19.524335,3.165133,19.465762
2021-09-18,14,20.810170,3.120676,20.747739
2021-09-19,14,20.229432,3.218766,20.168744
2021-09-20,14,22.355207,3.195943,22.288141
2021-09-21,14,18.593043,2.856027,18.537264
2021-09-22,14,17.580160,3.247155,17.527420
2021-09-23,14,25.434611,3.632538,25.358307
2021-09-24,14,23.294304,3.320319,23.224421
2021-09-25,14,12.893392,2.560702,12.854712
2021-09-26,14,19.328912,3.172309,19.270925
2021-09-27,14,25.069468,3.487446,24.994260
2021-09-28,14,23.648132,3.484013,23.577188
2021-09-29,14,20.620646,3.139159,20.558784
2021-09-30,14,25.766904,3.564115,25.689603
2021-10-01,13,15.908675,3.485158,15.860949
2021-10-02,13,12.090083,2.0648,12.053813
2024-03-29,13,11.241368,1.981078,11.207644
2024-03-30,13,17.771891,2.738545,17.718575
2024-03-31,13,21.929270,3.113803,21.863482
2024-04-01,13,21.138293,3.066927,21.074878
2024-04-02,13,13.180262,2.210248,13.140721
2024-04-03,13,20.327164,3.010205,20.266183
2024-04-04,13,18.143404,2.973127,18.088974
2024-04-05,13,19.670962,3.086826,19.611949
2024-04-06,13,15.713395,2.178691,15.666255
2024-04-07,13,17.504316,2.626342,17.451803
2024-04-08,12,9.802069,2.415627,9.772663
2024-04-09,13,14.330899,2.339615,14.287906
2024-04-10,13,18.773832,2.923476,18.717511
2024-03-18,13,16.565636,2.387669,16.515939
2024-03-19,14,18.604652,2.790715,18.548838
2024-03-20,13,15.705261,2.673378,15.658145
2024-03-21,14,17.805849,2.698315,17.752431
2024-03-22,13,10.651719,2.121361,10.619764
2024-03-23,13,5.825266,1.130196,5.807790
2024-03-24,13,7.908062,1.56424,7.884338
2024-03-25,13,21.320425,3.23901,21.256464
2024-03-26,13,11.602201,2.020518,11.567394
2024-03-27,13,6.827459,1.635042,6.806977
2024-03-04,14,21.978692,2.795958,21.912756
2024-03-05,14,18.613955,2.915747,18.558113
2024-03-06,13,22.135431,3.396815,22.069025
2024-03-07,13,20.570908,3.131111,20.509195
2024-03-08,13,16.400868,2.938822,16.351665
2024-03-09,13,14.295660,2.708709,14.252773
2024-03-10,13,12.439974,2.468205,12.402654
2024-03-11,14,20.842128,3.485203,20.779602
2024-03-12,14,22.192181,3.434304,22.125604
2024-03-13,14,20.883326,3.287694,20.820676
2024-03-14,14,21.028395,2.880223,20.965310
2024-03-15,14,21.168964,3.063019,21.105457
2024-03-16,14,21.628068,3.243639,21.563184
2024-02-19,14,24.440143,3.203601,24.366823
2024-02-20,14,16.439317,3.089299,16.389999
2024-02-21,14,12.363435,2.237047,12.326345
2024-02-22,14,25.010054,3.453451,24.935024
2024-02-23,13,20.965450,2.7166,20.902554
2024-02-24,14,9.564795,2.55764,9.536101
2024-02-25,14,21.632066,3.455563,21.567170
2024-02-26,14,22.027450,3.249207,21.961368
2024-02-27,14,21.018697,3.199833,20.955641
2024-02-28,14,21.029605,2.85668,20.966516
2024-02-29,14,20.964275,3.317777,20.901382
2024-03-01,14,16.036422,3.210367,15.988313
2024-03-02,14,24.904601,3.532338,24.829887
2021-10-03,13,15.310422,3.295561,15.264491
2021-10-17,14,16.243626,2.723567,16.194895
2021-10-31,14,8.824880,1.438563,8.798405
2021-11-14,14,28.662359,3.660583,28.576372
2021-11-28,14,25.093681,3.420709,25.018400
2021-12-12,14,24.430040,2.907387,24.356750
2021-12-26,15,27.686127,3.382629,27.603069
2022-01-09,15,10.659076,1.478327,10.627099
2022-01-23,15,26.867996,3.205276,26.787392
2022-02-06,14,15.428759,2.612988,15.382473
2022-02-20,14,25.635506,3.598381,25.558599
2022-03-06,14,21.111633,3.166087,21.048298
2022-03-20,13,8.445583,1.665694,8.420246
2022-04-03,13,22.441155,3.378988,22.373832
2024-02-05,14,25.953196,3.418104,25.875336
2024-02-06,14,24.112738,3.557672,24.040400
2024-02-07,14,22.286442,2.790611,22.219583
2024-02-08,14,26.232683,3.48333,26.153985
2024-02-09,14,23.736326,3.425013,23.665117
2024-02-10,14,26.301631,3.451613,26.222726
2024-02-11,14,24.795182,3.072306,24.720796
2024-02-12,15,22.603116,2.782709,22.535307
2024-02-13,14,23.674084,3.073624,23.603062
2024-02-14,14,11.204560,1.992215,11.170946
2024-02-15,14,8.118965,1.538595,8.094608
2024-02-16,14,18.139036,2.445775,18.084619
2024-02-17,12,15.396762,2.963277,15.350572
2024-01-22,14,18.864799,2.973745,18.808205
2024-01-23,14,3.808519,0.650076,3.797093
2024-01-24,14,21.259198,3.202446,21.195420
2024-01-25,15,16.822767,3.098409,16.772299
2024-01-26,15,18.669930,2.615913,18.613920
2024-01-27,15,23.572624,3.443221,23.501906
2024-01-28,15,14.654417,3.265452,14.610454
2024-01-29,15,19.116088,3.475979,19.058740
2024-01-30,15,23.766341,3.243762,23.695042
2024-01-31,14,13.031045,2.427281,12.991952
2024-02-01,15,22.468788,3.021133,22.401382
2024-02-02,14,9.249303,2.344728,9.221555
2024-02-03,14,10.969269,1.765019,10.936361
2024-01-08,14,23.350063,3.341398,23.280013
2024-01-09,14,27.461209,3.532086,27.378825
2024-01-10,14,22.926863,3.364386,22.858082
2024-01-11,14,20.524440,3.101083,20.462867
2024-01-12,14,14.113960,2.370507,14.071618
2024-01-13,14,9.511754,1.333411,9.483219
2024-01-14,15,24.249623,3.184625,24.176874
2024-01-15,15,22.952254,3.449805,22.883397
2024-01-16,15,24.197035,2.919717,24.124444
2024-01-17,14,20.419278,2.999976,20.358020
2024-01-18,15,22.163394,3.460902,22.096904
2024-01-19,14,21.212534,2.909995,21.148896
2024-01-20,14,12.371111,2.221802,12.333998
2023-12-25,14,24.747052,3.419895,24.672811
2023-12-26,14,16.892938,2.693968,16.842259
2023-12-27,15,26.601529,3.720472,26.521724
2023-12-28,15,26.291722,3.456063,26.212847
2023-12-29,14,24.506911,3.289161,24.433390
2023-12-30,14,12.471123,2.177134,12.433710
2023-12-31,14,23.954310,3.684919,23.882447
2024-01-01,15,28.261446,3.67882,28.176662
2024-01-02,15,20.253795,3.055534,20.193034
2024-01-03,14,19.502146,2.954824,19.443640
2024-01-04,15,21.802632,3.309138,21.737224
2024-01-05,15,22.765262,2.810685,22.696966
2024-01-06,15,23.337122,3.596558,23.267111
2023-12-11,14,19.019191,2.811025,18.962133
2023-12-12,14,26.857269,3.514215,26.776697
2023-12-13,14,26.186794,3.348383,26.108234
2023-12-14,14,24.544603,3.575947,24.470969
2023-12-15,14,25.894493,3.169999,25.816810
2023-12-16,14,22.590864,3.366127,22.523091
2023-12-17,14,20.183500,3.129924,20.122950
2023-12-18,14,27.024421,3.476912,26.943348
2023-12-19,14,26.380002,3.505921,26.300862
2023-12-20,14,28.451153,3.722697,28.365800
2023-12-21,15,20.901999,2.969785,20.839293
2023-12-22,14,21.192966,3.18222,21.129387
2023-12-23,14,22.828527,3.442751,22.760041
2023-11-27,14,16.707017,2.838507,16.656896
2023-11-28,14,17.443432,2.825953,17.391102
2023-11-29,14,15.980583,2.913932,15.932641
2023-11-30,14,22.967607,2.891785,22.898704
2023-12-01,14,26.727214,3.329167,26.647032
2023-12-02,14,27.173338,3.535149,27.091818
2023-12-03,14,27.254124,3.474068,27.172362
2023-12-04,14,24.934561,3.598983,24.859757
2023-12-05,14,17.910043,3.118262,17.856313
2023-12-06,14,24.465076,3.35642,24.391681
2023-12-07,11,15.438026,2.88984,15.391712
2023-12-08,14,23.005668,3.517243,22.936651
2023-12-09,14,17.173402,2.329014,17.121882
2023-11-13,14,24.278845,3.244482,24.206008
2023-11-14,14,24.938975,3.576387,24.864158
2023-11-15,14,26.181374,3.39011,26.102830
2023-11-16,14,21.256967,3.179884,21.193196
2023-11-17,14,24.256811,3.308787,24.184041
2023-11-18,14,22.848106,3.357814,22.779562
2023-11-19,14,11.171795,2.646764,11.138280
2023-11-20,14,21.426624,3.269251,21.362344
2023-11-21,14,22.925817,3.432465,22.857040
2023-11-22,14,21.643597,3.184964,21.578666
2023-11-23,14,16.440062,2.969146,16.390742
2023-11-24,14,6.925685,1.071417,6.904908
2023-11-25,14,10.530434,1.756974,10.498843
2023-10-30,14,19.284674,3.173083,19.226820
2023-10-31,14,14.443518,2.633222,14.400187
2023-11-01,14,15.329302,2.540456,15.283314
2023-11-02,14,24.942054,3.654799,24.867228
2023-11-03,11,16.152364,2.873903,16.103907
2023-11-04,14,23.633338,3.3808,23.562438
2023-11-05,14,29.370838,3.72817,29.282725
2023-11-06,14,28.813696,3.720544,28.727255
2023-11-07,14,28.814662,3.720296,28.728218
2023-11-08,14,27.197431,3.487441,27.115839
2023-11-09,14,22.306801,3.538098,22.239881
2023-11-10,14,22.688246,3.293483,22.620181
2023-11-11,14,26.524212,3.562041,26.444639
2023-10-16,14,22.164363,3.205534,22.097870
2023-10-17,14,9.251621,1.3353,9.223866
2023-10-18,14,19.811520,3.494702,19.752085
2023-10-19,14,19.331516,3.210389,19.273521
2023-10-20,14,16.234431,3.140996,16.185728
2023-10-21,14,25.001170,3.677825,24.926166
2023-10-22,14,26.858527,3.53445,26.777951
2023-10-23,14,25.732670,3.476334,25.655472
2023-10-24,14,21.279590,3.278943,21.215751
2023-10-25,14,14.924114,2.25257,14.879342
2023-10-26,14,17.705092,2.748147,17.651977
2023-10-27,14,18.283025,2.703156,18.228176
2023-10-28,14,17.870116,3.023169,17.816506
2023-10-02,14,10.327113,1.67623,10.296132
2023-10-03,14,14.733581,2.442476,14.689380
2023-10-04,13,12.662327,2.172641,12.624340
2023-10-05,14,15.643741,2.984502,15.596810
2023-10-06,14,21.021891,3.179587,20.958825
2023-10-07,13,12.518094,2.585657,12.480540
2023-10-08,13,11.171328,1.559617,11.137814
2023-10-09,14,13.049650,2.604024,13.010501
2023-10-10,14,26.055853,3.592113,25.977685
2023-10-11,14,24.980240,3.398384,24.905299
2023-10-12,11,10.951405,2.07778,10.918551
2023-10-13,14,6.052636,1.595694,6.034478
2023-10-14,14,12.341960,2.299243,12.304934
2023-09-18,14,18.073232,3.127298,18.019012
2023-09-19,14,21.335313,3.032119,21.271307
2023-09-20,14,19.587927,2.873532,19.529163
2023-09-21,14,21.290242,3.112653,21.226371
2023-09-22,14,20.306151,2.999125,20.245233
2023-09-23,14,19.147883,2.992415,19.090439
2023-09-24,14,21.304498,3.05906,21.240585
2023-09-25,14,19.316315,2.942216,19.258366
2023-09-26,14,18.157876,2.94971,18.103402
2023-09-27,12,12.262986,2.874496,12.226197
2023-09-28,14,8.794633,1.831942,8.768249
2023-09-29,14,17.482038,2.802856,17.429592
2023-09-30,14,20.069024,3.112718,20.008817
2023-09-04,12,17.261243,2.621834,17.209459
2023-09-05,12,10.012183,1.83486,9.982146
2023-09-06,12,18.672117,2.771112,18.616101
2023-09-07,13,18.693474,3.037117,18.637394
2023-09-08,13,20.802167,3.111225,20.739760
2023-09-09,12,12.007130,2.736185,11.971109
2023-09-10,13,14.927214,2.662459,14.882432
2023-09-11,13,20.902755,3.027002,20.840047
2023-09-12,14,20.838957,3.05565,20.776440
2023-09-13,14,20.529661,3.026996,20.468072
2023-09-14,13,4.221196,0.930535,4.208532
2023-09-15,10,9.995384,2.890077,9.965398
2023-09-16,14,21.545887,2.971485,21.481249
2023-08-21,12,14.551471,2.516926,14.507817
2023-08-22,13,16.426631,2.547115,16.377351
2023-08-23,12,13.685954,2.21361,13.644896
2023-08-24,11,11.683884,2.371059,11.648832
2023-08-25,12,15.190354,2.58461,15.144783
2023-08-26,12,5.794546,1.619341,5.777162
2023-08-27,12,2.217787,0.500461,2.211134
2023-08-28,13,10.090564,2.399587,10.060292
2023-08-29,13,15.078081,2.772572,15.032847
2023-08-30,13,18.034732,2.753691,17.980628
2023-08-31,13,15.495910,2.364277,15.449422
2023-09-01,13,19.194266,2.898845,19.136683
2023-09-02,11,12.815405,2.546243,12.776959
2023-08-07,12,14.782073,2.37549,14.737727
2023-08-08,12,11.041989,2.182135,11.008863
2023-08-09,12,13.110712,2.365243,13.071380
2023-08-10,12,13.184618,2.166078,13.145064
2023-08-11,12,14.280731,2.402715,14.237889
2023-08-12,12,11.479114,2.216709,11.444677
2023-08-13,12,6.363776,1.272592,6.344685
2023-08-14,12,11.988952,2.04776,11.952985
2023-08-15,11,0.939652,0.496009,0.936833
2023-08-16,12,10.217291,1.679771,10.186639
2023-08-17,13,14.834566,2.509093,14.790062
2023-08-18,13,14.969431,2.355136,14.924523
2023-08-19,12,12.238113,2.417879,12.201399
2023-07-24,12,13.248223,2.32977,13.208478
2023-07-25,12,10.808053,2.037259,10.775629
2023-07-26,12,14.276184,2.350861,14.233355
2023-07-27,12,11.369437,2.159601,11.335329
2023-07-28,12,13.298143,2.380031,13.258249
2023-07-29,12,7.877926,1.526273,7.854292
2023-07-30,12,14.958074,2.432614,14.913200
2023-07-31,12,15.109120,2.404248,15.063793
2023-08-01,12,14.868286,2.42203,14.823681
2023-08-02,12,15.067478,2.396531,15.022276
2023-08-03,12,14.687664,2.375764,14.643601
2023-08-04,12,15.000835,2.41333,14.955832
2023-08-05,12,15.097636,2.409328,15.052343
2023-07-10,12,7.308370,1.946322,7.286445
2023-07-11,12,13.186372,2.1949,13.146813
2023-07-12,12,12.785029,2.196363,12.746674
2023-07-13,12,13.301625,2.297966,13.261720
2023-07-14,12,14.130525,2.404038,14.088133
2023-07-15,12,14.480099,2.383851,14.436659
2023-07-16,12,12.074853,2.07138,12.038628
2023-07-17,12,11.973766,2.231452,11.937845
2023-07-18,12,6.973256,1.311491,6.952336
2023-07-19,12,6.635977,1.477418,6.616069
2023-07-20,12,14.265309,2.353862,14.222513
2023-07-21,12,13.755602,2.283394,13.714335
2023-07-22,12,14.503894,2.353861,14.460382
2023-06-26,12,13.013791,2.192584,12.974750
2023-06-27,12,13.310401,2.255596,13.270470
2023-06-28,12,12.816630,2.219356,12.778180
2023-06-29,12,12.076007,2.452397,12.039779
2023-06-30,12,12.496923,2.161415,12.459432
2023-07-01,12,13.101484,2.171012,13.062180
2023-07-02,12,13.474293,2.215518,13.433870
2023-07-03,12,12.458524,2.254297,12.421148
2023-07-04,12,13.521967,2.271317,13.481401
2023-07-05,12,13.383585,2.238021,13.343434
2023-07-06,12,13.204447,2.231483,13.164834
2023-07-07,12,13.212817,2.239615,13.173179
2023-07-08,12,12.596279,2.164679,12.558490
2023-06-12,12,12.860692,2.187513,12.822110
2023-06-13,12,4.908873,1.140123,4.894146
2023-06-14,11,2.829970,0.765926,2.821480
2023-06-15,12,3.392906,0.757967,3.382727
2023-06-16,12,3.876515,0.970581,3.864885
2023-06-17,12,12.211222,1.891352,12.174588
2023-06-18,12,14.071942,2.359987,14.029726
2023-06-19,12,13.841628,2.349889,13.800103
2023-06-20,12,13.464764,2.286457,13.424370
2023-06-21,12,13.197075,2.242895,13.157484
2023-06-22,12,13.049764,2.212271,13.010615
2023-06-23,12,12.466317,2.302487,12.428918
2023-06-24,12,12.850879,2.189087,12.812326
2023-05-29,12,10.145863,1.767749,10.115425
2023-05-30,12,5.581322,1.343954,5.564578
2023-05-31,12,1.934345,0.395542,1.928542
2023-06-01,12,11.377697,1.953035,11.343564
2023-06-02,12,14.375346,2.395638,14.332220
2023-06-03,12,14.271089,2.377496,14.228276
2023-06-04,12,14.342076,2.351828,14.299050
2023-06-05,12,14.255199,2.342648,14.212433
2023-06-06,12,13.994485,2.341762,13.952502
2023-06-07,12,13.765575,2.306162,13.724278
2023-06-08,12,13.613641,2.255412,13.572800
2023-06-09,12,13.529673,2.257988,13.489084
2023-06-10,12,13.401445,2.264031,13.361241
2023-05-15,12,15.088563,2.459545,15.043297
2023-05-16,12,14.989942,2.470611,14.944972
2023-05-17,12,5.272253,1.342609,5.256436
2023-05-18,12,3.625445,0.721149,3.614569
2023-05-19,12,3.601953,0.746464,3.591147
2023-05-20,12,3.187833,0.653837,3.178270
2023-05-21,12,3.068940,0.677359,3.059733
2023-05-22,12,5.070985,1.186593,5.055772
2023-05-23,12,11.206526,2.089712,11.172906
2023-05-24,12,12.062192,2.178506,12.026005
2023-05-25,12,11.064567,2.15007,11.031373
2023-05-26,11,12.881754,2.298881,12.843109
2023-05-27,12,12.438146,2.051369,12.400832
2023-05-01,12,15.102083,2.227946,15.056777
2023-05-02,12,14.683155,2.42184,14.639106
2023-05-03,12,16.158833,2.460579,16.110357
2023-05-04,12,16.569776,2.584454,16.520067
2023-05-05,12,16.106499,2.600172,16.058180
2023-05-06,12,15.245366,2.583802,15.199630
2023-05-07,12,15.758975,2.719565,15.711698
2023-05-08,12,14.663294,2.347983,14.619304
2023-05-09,12,12.723720,2.236262,12.685549
2023-05-10,12,9.721954,1.949288,9.692788
2023-05-11,12,12.880808,1.995987,12.842166
2023-05-12,12,12.495292,2.090014,12.457806
2023-05-13,12,15.390287,2.62301,15.344116
2023-04-17,12,14.575276,3.020819,14.531550
2023-04-18,12,8.088601,1.742528,8.064335
2023-04-19,12,18.327399,2.873685,18.272417
2023-04-20,13,17.021961,2.648879,16.970895
2023-04-21,13,19.629689,3.095744,19.570800
2023-04-22,12,17.824082,2.963167,17.770610
2023-04-23,12,19.083087,3.278464,19.025838
2023-04-24,12,18.900175,2.91434,18.843474
2023-04-25,12,16.345269,2.653193,16.296233
2023-04-26,12,8.591957,1.827996,8.566181
2023-04-27,12,11.968111,2.164672,11.932207
2023-04-28,12,8.133692,1.710875,8.109291
2023-04-29,12,13.436515,2.147817,13.396205
2023-10-29,14,10.863425,2.360616,10.830835
2023-11-12,14,26.706046,3.531346,26.625928
2023-11-26,14,16.210511,2.776658,16.161879
2023-12-10,14,22.136120,3.153172,22.069712
2023-12-24,14,22.317932,3.354127,22.250978
2024-01-07,15,23.132698,2.991851,23.063300
2024-01-21,14,15.703416,2.606224,15.656306
2024-02-04,14,12.468142,2.676832,12.430738
2024-02-18,14,14.950567,3.318875,14.905715
2024-03-03,14,22.046552,2.910892,21.980412
2024-03-17,13,20.031697,3.218701,19.971602
2024-03-28,13,6.805530,1.259763,6.785113
2024-04-11,13,11.952074,1.995288,11.916218
2024-04-28,12,13.353274,2.323023,13.313214
2024-05-12,12,12.750824,2.246125,12.712572
2024-06-06,12,11.781538,2.159091,11.746193
2024-06-20,12,12.278808,2.087877,12.241972
2024-07-04,12,7.838823,1.427804,7.815307
2024-07-18,12,13.635265,2.228924,13.594359
2024-08-01,12,14.911158,2.416766,14.866425
2023-04-03,13,19.472885,2.808177,19.414466
2023-04-04,13,18.860599,2.925229,18.804017
2023-04-05,13,20.208199,3.105912,20.147574
2023-04-06,13,16.486936,3.133056,16.437475
2023-04-07,12,5.818111,1.388918,5.800657
2023-04-08,12,15.136221,2.886041,15.090812
2023-04-09,13,7.930484,1.51613,7.906693
2023-04-10,13,21.150172,3.149608,21.086721
2023-04-11,13,17.888465,2.80956,17.834800
2023-04-12,13,17.311297,3.141732,17.259363
2023-04-13,12,16.791773,2.668623,16.741398
2023-04-14,12,8.958980,2.165653,8.932103
2023-04-15,12,12.898311,2.661338,12.859616
2023-03-20,13,21.088933,3.399343,21.025666
2023-03-21,13,22.665177,3.343932,22.597181
2023-03-22,13,17.110609,3.311486,17.059277
2023-03-23,13,22.333606,3.06113,22.266605
2023-03-24,13,19.508132,3.194906,19.449608
2023-03-25,13,20.903924,3.13057,20.841212
2023-03-26,13,18.744488,3.196096,18.688255
2023-03-27,13,14.106300,2.346562,14.063981
2023-03-28,13,16.917440,3.111818,16.866688
2023-03-29,12,15.605686,2.739204,15.558869
2023-03-30,13,21.331616,3.340197,21.267621
2023-03-31,13,14.626568,2.383271,14.582688
2023-04-01,13,21.866523,3.164726,21.800923
2023-03-06,14,21.246667,3.344672,21.182927
2023-03-07,14,19.499287,3.38475,19.440789
2023-03-08,13,17.164462,2.86843,17.112969
2023-03-09,13,12.575508,2.602184,12.537781
2023-03-10,14,13.952552,2.793695,13.910694
2023-03-11,13,11.233878,2.069716,11.200176
2023-03-12,13,10.587573,1.638162,10.555810
2023-03-13,13,13.846942,2.755062,13.805401
2023-03-14,13,12.194486,2.651701,12.157903
2023-03-15,14,20.128375,3.310218,20.067990
2023-03-16,13,24.674150,3.470123,24.600128
2023-03-17,13,22.368598,3.427288,22.301492
2023-03-18,13,24.224557,3.401072,24.151883
2023-02-20,14,20.190658,3.419424,20.130086
2023-02-21,14,14.728372,2.866475,14.684187
2023-02-22,14,21.275734,3.4586,21.211907
2023-02-23,13,16.711914,3.049977,16.661778
2023-02-24,14,20.444140,3.282588,20.382808
2023-02-25,14,15.490199,2.550171,15.443728
2023-02-26,14,18.263817,2.932307,18.209026
2023-02-27,14,20.208309,3.392886,20.147684
2023-02-28,14,13.608957,3.04661,13.568130
2023-03-01,14,21.897742,3.229595,21.832049
2023-03-02,14,24.906309,3.533291,24.831590
2023-03-03,14,24.998693,3.405332,24.923697
2023-03-04,14,11.469357,2.750734,11.434949
2023-02-06,15,14.603256,2.404758,14.559446
2023-02-07,14,12.250856,2.917933,12.214103
2023-02-08,15,23.663557,3.586359,23.592566
2023-02-09,14,24.981511,3.12998,24.906566
2023-02-10,14,20.576009,2.96887,20.514281
2023-02-11,14,16.745206,2.323993,16.694970
2023-02-12,14,19.773808,3.271525,19.714487
2023-02-13,14,17.493472,2.428596,17.440992
2023-02-14,14,19.393132,2.995893,19.334953
2023-02-15,14,17.385497,3.234835,17.333341
2023-02-16,14,16.756367,2.576755,16.706098
2023-02-17,14,21.997952,3.48947,21.931958
2023-02-18,14,13.464485,3.088137,13.424092
2023-01-23,13,15.073784,3.169682,15.028563
2023-01-24,15,21.324350,2.631618,21.260377
2023-01-25,15,30.329314,3.730302,30.238326
2023-01-26,15,30.047009,3.728055,29.956868
2023-01-27,15,24.321589,3.64545,24.248624
2023-01-28,14,18.383641,3.134864,18.328490
2023-01-29,14,16.570663,2.99432,16.520951
2023-01-30,15,18.345095,2.989678,18.290060
2023-01-31,14,22.261095,2.984719,22.194312
2023-02-01,14,21.050968,3.26275,20.987815
2023-02-02,14,22.595173,3.052474,22.527387
2023-02-03,14,22.219044,3.396292,22.152387
2023-02-04,14,16.457835,2.572742,16.408461
2023-01-09,15,14.836953,2.949734,14.792442
2023-01-10,14,17.153980,2.679458,17.102518
2023-01-11,14,12.682018,2.396357,12.643972
2023-01-12,15,19.146932,3.108639,19.089491
2023-01-13,15,19.090166,2.856723,19.032896
2023-01-14,15,20.522308,3.102937,20.460741
2023-01-15,14,22.248611,3.363196,22.181865
2023-01-16,14,24.093981,3.573677,24.021699
2023-01-17,15,24.380530,3.680534,24.307388
2023-01-18,15,18.481151,3.373368,18.425708
2023-01-19,14,17.685868,2.752062,17.632810
2023-01-20,14,9.735804,1.70083,9.706597
2023-01-21,15,23.490921,3.255113,23.420448
2022-12-26,14,11.230157,2.84586,11.196467
2022-12-27,14,14.172727,2.260787,14.130209
2022-12-28,14,13.751412,2.907663,13.710158
2022-12-29,14,18.640443,2.70091,18.584522
2022-12-30,15,21.133266,3.162368,21.069866
2022-12-31,15,18.102594,2.725515,18.048286
2023-01-01,14,20.076642,3.525014,20.016412
2023-01-02,14,23.613122,3.443551,23.542283
2023-01-03,15,16.648995,3.13935,16.599048
2023-01-04,14,13.915367,1.933521,13.873621
2023-01-05,14,7.614847,1.214982,7.592002
2023-01-06,15,7.087807,0.930541,7.066544
2023-01-07,15,11.476818,2.317264,11.442388
2022-12-12,14,9.465699,2.136152,9.437302
2022-12-13,14,8.216100,2.048884,8.191452
2022-12-14,15,23.259592,2.776987,23.189813
2022-12-15,15,25.268764,3.296754,25.192958
2022-12-16,14,21.919272,3.256323,21.853514
2022-12-17,15,28.234814,3.498056,28.150110
2022-12-18,14,27.318405,3.724825,27.236450
2022-12-19,14,11.610020,1.943766,11.575190
2022-12-20,14,16.399503,3.205177,16.350304
2022-12-21,14,18.480209,2.617478,18.424768
2022-12-22,14,19.256903,2.669523,19.199132
2022-12-23,14,21.654573,3.520278,21.589609
2022-12-24,14,23.226593,3.119933,23.156913
2022-11-28,14,11.856349,2.621674,11.820780
2022-11-29,14,17.857563,2.840603,17.803990
2022-11-30,14,14.265021,3.222599,14.222226
2022-12-01,14,20.938811,3.660063,20.875995
2022-12-02,14,21.678776,3.367878,21.613740
2022-12-03,13,16.221672,2.995474,16.173007
2022-12-04,14,14.577896,2.912728,14.534162
2022-12-05,14,11.858669,2.144535,11.823093
2022-12-06,14,9.760855,1.814349,9.731572
2022-12-07,14,16.713627,2.325962,16.663486
2022-12-08,14,28.790537,3.635958,28.704165
2022-12-09,14,25.208927,3.648869,25.133300
2022-12-10,14,28.063366,3.580795,27.979176
2022-11-14,14,19.798308,3.338847,19.738913
2022-11-15,14,24.141141,3.024717,24.068718
2022-11-16,14,24.243149,3.732665,24.170420
2022-11-17,14,30.483858,3.733465,30.392406
2022-11-18,14,30.648848,3.730012,30.556901
2022-11-19,14,26.769578,3.727144,26.689269
2022-11-20,14,16.965626,3.212918,16.914729
2022-11-21,15,26.662370,3.271802,26.582383
2022-11-22,14,20.298082,3.562419,20.237188
2022-11-23,14,18.738073,3.145367,18.681859
2022-11-24,14,23.937185,3.50266,23.865373
2022-11-25,14,20.324637,3.008034,20.263663
2022-11-26,14,19.171016,2.717989,19.113503
2022-10-31,14,10.487059,1.901041,10.455598
2022-11-01,14,10.192660,1.849712,10.162082
2022-11-02,14,6.128529,1.082086,6.110143
2022-11-03,14,14.630403,2.391662,14.586512
2022-11-04,14,25.243531,3.728506,25.167800
2022-11-05,14,26.483961,3.473398,26.404509
2022-11-06,14,20.043881,3.03091,19.983749
2022-11-07,14,19.710236,3.213442,19.651105
2022-11-08,14,29.389927,3.722321,29.301757
2022-11-09,14,22.552809,3.061995,22.485151
2022-11-10,14,27.040950,3.30331,26.959827
2022-11-11,14,18.418840,3.308955,18.363583
2022-11-12,14,22.625566,3.163018,22.557689
2022-10-17,14,19.731935,2.872907,19.672739
2022-10-18,14,12.086096,2.131166,12.049838
2022-10-19,14,14.108861,2.861301,14.066534
2022-10-20,14,21.138108,3.210212,21.074694
2022-10-21,14,10.973949,2.127769,10.941027
2022-10-22,14,23.164312,3.329472,23.094819
2022-10-23,14,25.390625,3.56563,25.314453
2022-10-24,14,22.071761,3.424465,22.005546
2022-10-25,14,26.132111,3.594521,26.053715
2022-10-26,14,25.336666,3.223962,25.260656
2022-10-27,14,23.552976,3.383493,23.482317
2022-10-28,14,17.464313,3.466897,17.411920
2022-10-29,14,23.304073,3.367068,23.234161
2023-04-30,12,14.518840,1.96616,14.475283
2023-05-14,12,15.691376,2.529119,15.644302
2023-05-28,12,7.164251,1.84734,7.142758
2023-06-11,12,12.119619,2.251127,12.083260
2023-06-25,12,12.980074,2.17868,12.941134
2023-07-09,12,4.631498,0.836143,4.617604
2023-07-23,12,12.271356,2.249963,12.234542
2023-08-06,12,14.920416,2.380485,14.875655
2023-08-20,12,13.137618,2.560688,13.098205
2023-09-03,12,16.907842,2.873595,16.857118
2023-09-17,14,21.751280,3.107465,21.686026
2023-10-01,12,5.464245,1.379142,5.447852
2022-10-03,14,14.576892,3.126733,14.533161
2022-10-04,14,20.012124,3.043398,19.952088
2022-10-05,14,21.251752,3.25696,21.187997
2022-10-06,13,22.570624,3.374859,22.502912
2022-10-07,14,13.363130,2.884854,13.323041
2022-10-08,14,25.086838,3.63346,25.011577
2022-10-09,13,11.594994,2.397242,11.560209
2022-10-10,14,4.757713,0.883009,4.743440
2022-10-11,14,13.517326,2.271266,13.476774
2022-10-12,14,21.360410,3.37076,21.296329
2022-10-13,14,22.918352,3.41443,22.849597
2022-10-14,14,23.125063,3.290194,23.055688
2022-10-15,14,21.308251,3.0447,21.244326
2022-09-19,14,21.797894,3.380657,21.732500
2022-09-20,14,20.002209,3.122738,19.942202
2022-09-21,13,14.223140,3.061964,14.180471
2022-09-22,14,6.219247,1.260485,6.200589
2022-09-23,14,25.623373,3.581006,25.546503
2022-09-24,14,25.600662,3.568978,25.523860
2022-09-25,14,22.255269,3.360026,22.188503
2022-09-26,14,2.326320,1.164556,2.319341
2022-09-27,13,11.545010,2.413883,11.510375
2022-09-28,13,2.994708,0.718506,2.985724
2022-09-29,14,9.896067,1.671404,9.866379
2022-09-30,14,9.446422,2.294862,9.418083
2022-10-01,14,16.922213,2.229013,16.871446
2022-09-05,13,15.068878,2.720988,15.023671
2022-09-06,13,14.994815,3.043887,14.949831
2022-09-07,13,9.940860,2.438774,9.911037
2022-09-08,13,20.065644,2.972438,20.005447
2022-09-09,13,19.571298,2.970402,19.512584
2022-09-10,13,18.578838,3.008338,18.523101
2022-09-11,13,17.846904,2.807357,17.793363
2022-09-12,12,13.918377,2.958911,13.876622
2022-09-13,13,7.045132,1.618559,7.023997
2022-09-14,12,3.300322,1.46975,3.290421
2022-09-15,12,4.538397,0.936941,4.524782
2022-09-16,13,6.407778,1.161144,6.388555
2022-09-17,14,22.488386,3.190708,22.420921
2022-08-22,13,18.061131,2.852033,18.006948
2022-08-23,13,17.768635,2.83622,17.715329
2022-08-24,13,14.422431,2.882082,14.379164
2022-08-25,12,12.459493,2.424316,12.422115
2022-08-26,13,10.786472,1.963809,10.754113
2022-08-27,13,17.409878,2.683467,17.357648
2022-08-28,13,18.701026,2.912648,18.644923
2022-08-29,12,5.874714,0.968864,5.857090
2022-08-30,13,18.740128,2.587472,18.683908
2022-08-31,13,21.219524,3.16468,21.155865
2022-09-01,13,20.268259,3.033004,20.207454
2022-09-02,13,19.704544,2.989196,19.645430
2022-09-03,13,17.504131,2.786215,17.451619
2022-08-08,12,7.516579,1.813333,7.494029
2022-08-09,12,9.755945,1.95248,9.726677
2022-08-10,12,10.260495,2.334182,10.229714
2022-08-11,12,14.312640,2.728814,14.269702
2022-08-12,13,18.985425,2.916251,18.928469
2022-08-13,13,18.471099,2.817964,18.415686
2022-08-14,13,17.907469,2.763666,17.853747
2022-08-15,13,18.112628,2.81605,18.058290
2022-08-16,12,17.354262,2.787333,17.302199
2022-08-17,12,6.370713,1.325658,6.351601
2022-08-18,12,14.807931,2.519505,14.763507
2022-08-19,12,3.392952,0.64883,3.382773
2022-08-20,13,11.589101,2.174179,11.554334
2022-07-25,12,14.461947,2.358578,14.418561
2022-07-26,12,14.337533,2.346442,14.294520
2022-07-27,12,13.932379,2.349472,13.890582
2022-07-28,12,14.320522,2.338908,14.277560
2022-07-29,12,5.235779,1.21894,5.220072
2022-07-30,12,16.473640,2.692157,16.424219
2022-07-31,12,16.754929,2.653836,16.704664
2022-08-01,12,14.236111,2.597753,14.193403
2022-08-02,12,15.770609,2.533438,15.723297
2022-08-03,12,15.740182,2.530212,15.692961
2022-08-04,12,14.620005,2.444455,14.576145
2022-08-05,12,12.189520,2.577828,12.152951
2022-08-06,12,13.985155,2.460169,13.943200
2022-07-11,12,13.863512,2.337742,13.821921
2022-07-12,12,11.995923,2.045335,11.959935
2022-07-13,12,9.961362,1.936377,9.931478
2022-07-14,12,13.582462,2.282212,13.541715
2022-07-15,12,13.170857,2.443885,13.131344
2022-07-16,12,12.310886,2.103017,12.273953
2022-07-17,12,11.526865,2.152073,11.492284
2022-07-18,12,14.101867,2.274524,14.059561
2022-07-19,12,13.287044,2.212319,13.247183
2022-07-20,12,14.789956,2.373084,14.745586
2022-07-21,11,14.237622,2.806512,14.194909
2022-07-22,12,14.474004,2.404612,14.430582
2022-07-23,12,14.078856,2.354544,14.036619
2022-06-27,12,13.737718,2.314697,13.696505
2022-06-28,12,13.455449,2.29411,13.415083
2022-06-29,12,13.063365,2.221487,13.024175
2022-06-30,12,13.977048,2.348314,13.935117
2022-07-01,12,13.843938,2.310929,13.802406
2022-07-02,12,13.600008,2.295019,13.559208
2022-07-03,12,13.390562,2.237129,13.350390
2022-07-04,12,13.769896,2.298184,13.728586
2022-07-05,12,14.042430,2.350578,14.000303
2022-07-06,12,13.043793,2.425759,13.004662
2022-07-07,12,14.001067,2.325194,13.959064
2022-07-08,12,13.024877,2.295418,12.985802
2022-07-09,12,13.847798,2.281294,13.806255
2022-06-13,12,14.076041,2.189362,14.033813
2022-06-14,12,15.294714,2.527506,15.248830
2022-06-15,12,10.323134,1.831178,10.292165
2022-06-16,12,14.122837,2.370863,14.080468
2022-06-17,12,14.194577,2.384871,14.151993
2022-06-18,12,7.457850,1.831859,7.435476
2022-06-19,12,14.769034,2.397189,14.724727
2022-06-20,12,6.918234,1.454072,6.897479
2022-06-21,12,12.975462,2.087061,12.936536
2022-06-22,12,13.405962,2.252386,13.365744
2022-06-23,12,13.734841,2.310727,13.693636
2022-06-24,12,13.456164,2.288589,13.415796
2022-06-25,12,12.618719,2.247094,12.580863
2022-05-30,12,9.773946,2.346184,9.744624
2022-05-31,12,2.617348,0.671356,2.609496
2022-06-01,12,11.713039,2.009006,11.677900
2022-06-02,12,10.551585,1.860536,10.519930
2022-06-03,12,8.887314,1.540938,8.860652
2022-06-04,12,15.873312,2.526996,15.825692
2022-06-05,12,14.095608,2.389536,14.053321
2022-06-06,12,13.141830,2.194246,13.102405
2022-06-07,12,13.019056,2.347031,12.979999
2022-06-08,12,7.793361,1.693769,7.769981
2022-06-09,12,7.740030,1.957794,7.716810
2022-06-10,12,6.729534,1.532795,6.709345
2022-06-11,12,11.449965,2.107251,11.415615
2022-05-16,12,12.846660,2.138083,12.808120
2022-05-17,12,16.408981,2.796448,16.359754
2022-05-18,12,6.611866,1.262397,6.592030
2022-05-19,12,4.234255,0.82487,4.221552
2022-05-20,12,15.149952,2.499651,15.104502
2022-05-21,12,15.597186,2.551783,15.550394
2022-05-22,12,16.003800,2.596438,15.955789
2022-05-23,12,15.338522,2.549799,15.292506
2022-05-24,12,14.955130,2.554875,14.910265
2022-05-25,12,15.474380,2.476238,15.427957
2022-05-26,12,13.295371,2.592699,13.255485
2022-05-27,12,14.877278,2.452535,14.832646
2022-05-28,12,14.132533,2.367762,14.090135
2022-05-02,12,12.166689,2.313749,12.130189
2022-05-03,12,14.075416,2.68601,14.033190
2022-05-04,12,2.405226,0.510768,2.398010
2022-05-05,12,12.067670,2.198011,12.031467
2022-05-06,12,18.431092,2.890014,18.375799
2022-05-07,12,17.252671,2.843613,17.200913
2022-05-08,12,17.091506,2.744207,17.040231
2022-05-09,12,15.686161,2.913027,15.639103
2022-05-10,12,15.862176,2.707144,15.814589
2022-05-11,12,12.470747,2.321033,12.433335
2022-05-12,12,14.676217,2.882448,14.632188
2022-05-13,12,16.437501,2.652636,16.388188
2022-05-14,12,16.249874,2.648772,16.201124
2022-04-18,13,18.467909,3.137493,18.412505
2022-04-19,13,17.458118,3.041536,17.405744
2022-04-20,13,18.325583,3.060479,18.270606
2022-04-21,13,18.278433,2.914817,18.223598
2022-04-22,13,18.781951,2.916948,18.725605
2022-04-23,12,16.880450,2.93914,16.829809
2022-04-24,12,19.041800,2.921554,18.984675
2022-04-25,12,16.328906,2.670906,16.279919
2022-04-26,12,18.025984,2.649645,17.971906
2022-04-27,12,17.029206,2.732727,16.978118
2022-04-28,12,17.052179,2.770274,17.001022
2022-04-29,12,9.955806,2.019646,9.925939
2022-04-30,12,11.394217,1.980082,11.360034
2022-10-30,14,19.925003,3.213433,19.865228
2022-11-13,14,27.292091,3.643866,27.210215
2022-11-27,14,20.789580,3.574972,20.727211
2022-12-11,14,24.904351,3.363917,24.829638
2022-12-25,14,22.247591,3.330434,22.180848
2023-01-08,15,11.906325,2.438165,11.870606
2023-01-22,15,23.850353,3.27651,23.778802
2023-02-05,14,16.884064,2.202026,16.833412
2023-02-19,13,9.959064,2.080324,9.929187
2023-03-05,14,17.142489,2.435765,17.091062
2023-03-19,13,23.523915,3.384,23.453343
2023-04-02,13,18.894419,3.187572,18.837736
2022-04-17,13,21.998468,3.540935,21.932473
2022-10-16,14,20.363610,3.351253,20.302519
2023-04-16,13,17.958878,2.847915,17.905001
2023-10-15,14,21.623743,3.259715,21.558872
2022-04-04,13,20.492529,3.422101,20.431051
2022-04-05,12,19.615184,3.062479,19.556338
2022-04-06,13,21.746483,3.171441,21.681244
2022-04-07,13,20.809141,3.226864,20.746714
2022-04-08,12,16.407083,2.924184,16.357862
2022-04-09,13,18.701105,3.04365,18.645002
2022-04-10,13,20.548158,3.394455,20.486514
2022-04-11,13,18.994417,3.027662,18.937434
2022-04-12,12,16.149963,2.704462,16.101513
2022-04-13,12,13.790249,3.023946,13.748878
2022-04-14,12,12.922408,2.95142,12.883641
2022-04-15,13,21.851199,3.346014,21.785645
2022-04-16,13,17.091092,3.113322,17.039819
2022-03-21,13,21.105249,3.205997,21.041933
2022-03-22,13,25.784416,3.590746,25.707063
2022-03-23,13,19.735946,2.848407,19.676738
2022-03-24,13,22.502345,3.239378,22.434838
2022-03-25,13,20.535732,2.852003,20.474125
2022-03-26,13,17.411744,3.027591,17.359509
2022-03-27,13,10.596188,2.108263,10.564399
2022-03-28,13,17.968054,2.819258,17.914150
2022-03-29,13,19.120710,3.074911,19.063348
2022-03-30,13,15.650353,2.885168,15.603402
2022-03-31,13,14.397538,2.798182,14.354345
2022-04-01,13,12.530543,2.455233,12.492951
2022-04-02,13,12.384857,2.082327,12.347702
2022-03-07,14,19.140298,2.838694,19.082877
2022-03-08,14,24.895923,3.478839,24.821235
2022-03-09,14,19.660102,3.272593,19.601122
2022-03-10,14,20.161812,2.693297,20.101327
2022-03-11,13,12.933952,2.399546,12.895150
2022-03-12,13,18.611997,3.080741,18.556161
2022-03-13,14,13.540677,2.723684,13.500055
2022-03-14,14,16.010686,2.619653,15.962654
2022-03-15,13,17.670487,2.624782,17.617476
2022-03-16,14,12.449122,2.391508,12.411775
2022-03-17,14,20.647246,2.698374,20.585304
2022-03-18,13,18.822397,3.314472,18.765930
2022-03-19,13,20.394023,3.190445,20.332841
2022-02-21,14,25.500346,3.448703,25.423845
2022-02-22,14,25.074610,3.586649,24.999386
2022-02-23,14,20.255031,3.398777,20.194266
2022-02-24,14,24.847458,3.69761,24.772916
2022-02-25,14,26.979272,3.72073,26.898334
2022-02-26,14,27.547267,3.611778,27.464625
2022-02-27,14,22.999489,3.397533,22.930491
2022-02-28,14,24.196936,3.372586,24.124345
2022-03-01,14,22.016787,3.594384,21.950737
2022-03-02,14,27.486258,3.704126,27.403799
2022-03-03,14,25.510370,3.551797,25.433839
2022-03-04,14,22.802839,3.537304,22.734430
2022-03-05,14,20.512882,3.277061,20.451343
2022-02-07,14,11.099897,1.995887,11.066597
2022-02-08,14,26.360144,3.668688,26.281064
2022-02-09,14,27.930652,3.681297,27.846860
2022-02-10,14,27.224229,3.730714,27.142556
2022-02-11,14,19.817772,3.681496,19.758319
2022-02-12,14,26.679074,3.426133,26.599037
2022-02-13,14,27.004980,3.70568,26.923965
2022-02-14,14,26.410752,3.646514,26.331520
2022-02-15,15,24.710959,3.025491,24.636826
2022-02-16,14,27.250148,3.64558,27.168398
2022-02-17,14,14.223063,2.381726,14.180394
2022-02-18,14,19.684466,2.691804,19.625413
2022-02-19,14,22.811850,3.618378,22.743414
2022-01-24,14,28.443672,3.552856,28.358341
2022-01-25,14,25.620921,3.258482,25.544058
2022-01-26,14,24.429962,3.096136,24.356672
2022-01-27,14,26.178856,3.517114,26.100319
2022-01-28,15,13.658927,2.634353,13.617950
2022-01-29,14,11.536954,1.973217,11.502343
2022-01-30,14,7.561427,1.456228,7.538743
2022-01-31,14,11.159735,2.603577,11.126256
2022-02-01,14,12.555220,1.854045,12.517554
2022-02-02,14,14.955655,2.873715,14.910788
2022-02-03,14,21.126285,3.025273,21.062906
2022-02-04,14,15.420233,2.085978,15.373972
2022-02-05,14,19.719140,2.970415,19.659983
2022-01-10,15,13.480588,1.95812,13.440146
2022-01-11,15,14.246525,1.955031,14.203785
2022-01-12,14,14.586718,2.579409,14.542958
2022-01-13,15,21.898827,3.012581,21.833131
2022-01-14,14,13.732058,3.029853,13.690862
2022-01-15,14,18.527867,3.239063,18.472283
2022-01-16,15,22.677227,2.895118,22.609195
2022-01-17,15,21.682333,3.247594,21.617286
2022-01-18,14,27.656380,3.498748,27.573411
2022-01-19,15,23.168445,3.688998,23.098940
2022-01-20,14,23.999326,3.672565,23.927328
2022-01-21,15,28.594760,3.697306,28.508976
2022-01-22,15,30.250420,3.640284,30.159669
2021-12-27,14,17.628378,3.249234,17.575493
2021-12-28,15,14.583624,3.124189,14.539873
2021-12-29,14,21.046101,3.640694,20.982963
2021-12-30,14,10.736082,2.37995,10.703874
2021-12-31,14,9.868033,2.673389,9.838429
2022-01-01,14,12.334843,2.614769,12.297838
2022-01-02,15,22.614902,3.265818,22.547057
2022-01-03,14,16.795138,3.205138,16.744753
2022-01-04,14,13.398190,2.805951,13.357995
2022-01-05,14,13.751639,2.103836,13.710384
2022-01-06,14,15.118088,3.090997,15.072734
2022-01-07,15,11.290359,2.129465,11.256488
2022-01-08,15,16.175595,2.324038,16.127068
2021-12-13,14,18.914818,3.110549,18.858074
2021-12-14,14,20.940694,2.727845,20.877872
2021-12-15,14,12.289463,2.191145,12.252595
2021-12-16,14,18.956180,2.577519,18.899311
2021-12-17,11,5.777327,1.941886,5.759995
2021-12-18,14,26.010466,3.106266,25.932435
2021-12-19,14,29.004883,3.541967,28.917868
2021-12-20,14,30.007973,3.731936,29.917949
2021-12-21,14,29.154625,3.346653,29.067161
2021-12-22,14,21.711561,3.424939,21.646426
2021-12-23,15,20.441771,3.138886,20.380446
2021-12-24,15,22.592752,3.080975,22.524974
2021-12-25,15,30.578281,3.684533,30.486546
2021-11-29,14,20.353217,3.357649,20.292157
2021-11-30,14,15.854599,2.685566,15.807035
2021-12-01,14,27.665262,3.373397,27.582266
2021-12-02,14,23.613455,3.09726,23.542615
2021-12-03,14,24.989533,3.559405,24.914564
2021-12-04,14,25.627609,3.542379,25.550726
2021-12-05,14,22.521083,3.045694,22.453520
2021-12-06,14,20.437340,2.92747,20.376028
2021-12-07,14,18.671595,3.102144,18.615580
2021-12-08,14,21.971973,3.012348,21.906057
2021-12-09,14,26.620627,3.226801,26.540765
2021-12-10,14,31.694050,3.729214,31.598968
2021-12-11,14,29.905255,3.72856,29.815539
2021-11-15,14,28.180233,3.518158,28.095692
2021-11-16,14,26.301089,3.601123,26.222186
2021-11-17,14,28.223314,3.40688,28.138644
2021-11-18,14,8.006748,1.507024,7.982728
2021-11-19,14,13.428884,2.328553,13.388597
2021-11-20,14,19.176741,2.566968,19.119211
2021-11-21,14,29.980780,3.728411,29.890838
2021-11-22,14,31.490081,3.668427,31.395611
2021-11-23,14,29.297595,3.642085,29.209702
2021-11-24,12,9.162674,3.321274,9.135186
2021-11-25,14,26.931835,3.715705,26.851039
2021-11-26,14,10.344231,2.201275,10.313198
2021-11-27,14,28.578668,3.598439,28.492932
2021-11-01,14,15.826785,2.750038,15.779305
2021-11-02,14,20.522169,3.061161,20.460602
2021-11-03,14,28.096678,3.727247,28.012388
2021-11-04,14,30.280318,3.728527,30.189477
2021-11-05,14,28.653471,3.725523,28.567511
2021-11-06,14,30.429442,3.730951,30.338154
2021-11-07,14,28.345512,3.730763,28.260475
2021-11-08,14,26.328920,3.658394,26.249933
2021-11-09,14,22.706943,3.182422,22.638822
2021-11-10,14,24.661910,3.731819,24.587924
2021-11-11,14,5.717048,1.163662,5.699897
2021-11-12,14,15.765921,2.93787,15.718623
2021-11-13,14,32.276207,3.731274,32.179378
2021-10-18,14,4.849789,0.887013,4.835240
2021-10-19,14,6.234744,1.323669,6.216040
2021-10-20,13,19.988383,3.530432,19.928418
2021-10-21,14,26.950380,3.588851,26.869529
2021-10-22,14,28.283673,3.530038,28.198822
2021-10-23,14,26.108425,3.576119,26.030100
2021-10-24,14,11.522587,3.334395,11.488019
2021-10-25,14,21.388152,3.409012,21.323988
2021-10-26,14,17.571690,3.369903,17.518975
2021-10-27,14,14.711932,3.243061,14.667796
2021-10-28,14,10.865051,2.714234,10.832456
2021-10-29,14,20.465816,3.692998,20.404419
2021-10-30,14,23.768321,3.71429,23.697016
2022-05-01,12,14.980232,2.380662,14.935291
2022-05-15,12,9.640143,1.842848,9.611223
2022-05-29,12,14.618555,2.41581,14.574699
2022-06-12,12,13.415028,2.324965,13.374783
2022-06-26,12,13.275693,2.328936,13.235866
2022-07-10,12,13.236074,2.327325,13.196366
2022-07-24,12,13.212139,2.291,13.172503
2022-08-07,12,6.910766,1.146553,6.890034
2022-08-21,13,15.715301,2.34075,15.668155
2022-09-04,13,15.570405,2.881921,15.523694
2022-09-18,14,24.865407,3.498797,24.790811
2022-10-02,14,22.079955,3.560191,22.013715
2021-10-04,14,16.227825,2.674297,16.179142
2021-10-05,14,18.683965,3.078642,18.627913
2021-10-06,14,23.750156,3.606358,23.678906
2021-10-07,13,8.026024,1.623287,8.001946
2021-10-08,14,27.559677,3.724152,27.476998
2021-10-09,13,13.020760,2.774605,12.981698
2021-10-10,13,6.362208,1.098604,6.343121
2021-10-11,14,10.187061,1.696127,10.156500
2021-10-12,14,21.378637,3.29006,21.314501
2021-10-13,14,18.332100,2.490647,18.277104
2021-10-14,14,16.596522,2.959612,16.546732
2021-10-15,14,20.217469,3.238242,20.156817
2021-10-16,14,18.131775,2.937247,18.077380
2024-04-12,13,15.504594,2.660066,15.458080
2024-04-13,12,16.760931,2.897215,16.710648
2024-04-14,12,10.965896,1.728879,10.932998
2024-04-15,12,10.685444,2.042845,10.653388
2024-04-16,12,15.539097,2.609528,15.492480
2024-04-17,12,11.384528,1.728444,11.350374
2024-04-18,12,6.530544,2.149476,6.510952
2024-04-19,12,18.699509,2.836429,18.643410
2024-04-20,12,18.147052,2.819293,18.092611
2024-04-21,12,18.077716,2.748878,18.023483
2024-04-22,12,17.360829,2.732948,17.308747
2024-04-23,12,16.972215,2.653433,16.921298
2024-04-24,12,15.363278,2.460538,15.317188
2024-04-25,12,15.362816,2.287418,15.316728
2024-04-26,12,14.434046,2.584651,14.390744
2024-04-27,12,14.993087,2.295819,14.948108
2024-06-07,12,12.467445,2.121548,12.430043
2024-06-08,12,12.562628,2.120476,12.524940
2024-06-09,12,12.793998,2.153809,12.755616
2024-06-10,12,12.606954,2.13028,12.569133
2024-06-11,12,12.569486,2.121299,12.531778
2024-06-12,12,12.705956,2.144321,12.667838
2024-06-13,12,12.370113,2.113489,12.333003
2024-06-14,12,12.448127,2.124843,12.410783
2024-06-15,12,12.038181,2.069126,12.002066
2024-06-16,12,11.785901,2.055619,11.750543
2024-06-17,12,12.259488,2.103004,12.222710
2024-06-18,12,12.230893,2.109468,12.194200
2024-06-19,12,12.203724,2.088522,12.167113
2024-05-13,12,13.505122,2.247488,13.464607
2024-05-14,12,6.674774,1.580951,6.654750
2024-05-15,12,6.861724,1.648111,6.841139
2024-05-16,12,12.643617,2.267332,12.605686
2024-05-17,12,13.441069,2.264521,13.400746
2024-05-18,12,13.127117,2.198101,13.087736
2024-05-19,12,11.185280,2.200328,11.151724
2024-05-20,12,12.231970,2.295306,12.195274
2024-05-21,12,12.886262,2.131134,12.847603
2024-05-22,12,12.134011,1.973409,12.097609
2024-05-23,12,13.165110,2.200957,13.125615
2024-05-24,12,6.630424,1.662037,6.610533
2024-05-25,12,7.279587,1.347348,7.257748
2024-05-26,11,5.583651,1.749287,5.566900
2024-05-27,12,6.988373,1.396072,6.967408
2024-05-28,12,4.529680,1.002096,4.516091
2024-05-29,12,14.292225,2.37109,14.249348
2024-05-30,12,13.348423,2.261815,13.308378
2024-05-31,12,14.195214,2.372026,14.152628
2024-06-01,12,13.748615,2.290031,13.707369
2024-06-02,12,13.117909,2.262536,13.078555
2024-06-03,12,10.144761,1.960602,10.114327
2024-06-04,12,9.213900,1.673412,9.186258
2024-06-05,12,12.518627,2.164757,12.481071
2024-06-21,12,11.926306,2.059149,11.890527
2024-06-22,12,11.827920,2.050811,11.792436
2024-06-23,12,9.688436,1.620443,9.659371
2024-06-24,12,11.430063,1.970445,11.395773
2024-06-25,12,9.150417,1.48283,9.122966
2024-06-26,12,10.920274,1.968452,10.887513
2024-06-27,12,8.685168,1.617246,8.659112
2024-06-28,12,9.746914,1.673545,9.717673
2024-06-29,12,8.469761,1.658496,8.444352
2024-06-30,12,6.567702,1.6599,6.547999
2024-07-01,12,4.229008,0.762524,4.216321
2024-07-02,12,12.856054,2.13798,12.817486
2024-07-03,12,11.423536,2.078281,11.389265
2024-07-05,12,10.791536,1.859354,10.759161
2024-07-06,12,11.938396,2.018743,11.902581
2024-07-07,12,10.861994,2.032039,10.829408
2024-07-08,12,6.255632,1.195932,6.236865
2024-07-09,12,0.993105,0.235924,0.990126
2024-07-10,12,7.103851,1.438207,7.082539
2024-07-11,12,9.485095,1.585536,9.456640
2024-07-12,12,7.657147,2.26238,7.634176
2024-07-13,12,8.860576,2.269024,8.833994
2024-07-14,12,13.151439,2.168021,13.111985
2024-07-15,12,11.972806,2.119198,11.936888
2024-07-16,12,12.644340,2.149039,12.606407
2024-07-17,12,12.831683,2.173033,12.793188
2024-07-19,12,13.700588,2.257297,13.659486
2024-07-20,12,15.017425,2.364783,14.972373
2024-07-21,12,13.784441,2.258976,13.743088
2024-07-22,12,13.608343,2.246128,13.567518
2024-07-23,12,14.461225,2.350278,14.417841
2024-07-24,12,13.456437,2.242319,13.416068
2024-07-25,12,13.705827,2.280517,13.664710
2024-07-26,12,12.633710,1.942453,12.595809
2024-07-27,12,11.366247,1.989851,11.332148
2024-07-28,12,13.269907,2.215019,13.230097
2024-07-29,12,12.061470,2.187182,12.025286
2024-07-30,12,3.396792,0.991586,3.386602
2024-07-31,12,14.689390,2.364533,14.645322
2024-04-29,12,15.791549,2.634666,15.744174
2024-04-30,12,15.163540,2.336253,15.118049
2024-05-01,12,14.823455,2.350044,14.778985
2024-05-02,12,15.277762,2.465548,15.231929
2024-05-03,12,14.929068,2.455458,14.884281
2024-05-04,12,14.862454,2.420845,14.817867
2024-05-05,12,14.765838,2.395451,14.721540
2024-05-06,12,14.924227,2.392463,14.879454
2024-05-07,12,14.368649,2.318761,14.325543
2024-05-08,12,14.391475,2.357282,14.348301
2024-05-09,12,12.746803,2.000364,12.708563
2024-05-10,12,13.143838,2.173512,13.104406
2024-05-11,12,12.892000,2.222337,12.853324
2024-08-02,12,14.491118,2.460569,14.447645
2024-08-03,12,15.075413,2.404242,15.030187
2024-08-04,12,11.563753,2.019273,11.529062
2024-08-05,12,14.220627,2.282069,14.177965
2024-08-06,12,13.235002,2.377701,13.195297
2024-08-07,8,6.686415,1.805013,6.666356
2024-08-08,12,13.714538,2.24972,13.673394
2024-08-09,12,0.548267,0.136803,0.546622
2024-08-10,12,8.946882,1.921567,8.920041
2024-08-11,12,16.586262,2.606464,16.536503
2024-08-12,12,16.849848,2.669912,16.799298
2024-08-13,12,16.841167,2.756216,16.790643
2024-08-14,13,16.190359,2.845285,16.141788
2024-08-15,12,16.138637,2.534658,16.090221
2024-08-17,12,15.652934,2.457054,15.605975
2024-08-18,12,16.100380,2.478025,16.052079
2024-08-16,12,15.744919,2.487106,15.697684
2024-08-19,12,15.826385,2.509474,15.778906
2024-08-20,12,15.708016,2.472718,15.660892
2024-08-21,13,15.890576,2.504703,15.842904
2024-08-22,13,16.325581,2.541149,16.276604
2024-08-24,12,12.094942,2.00793,12.058657
2024-08-23,12,14.825719,2.488497,14.781242
2024-08-25,12,1.497457,0.427202,1.492965
2024-08-26,13,19.307433,3.031224,19.249511
2024-08-27,13,19.846858,2.996007,19.787317
2024-08-28,13,18.066314,2.78446,18.012115
2024-08-29,13,17.671899,2.665413,17.618883
2024-08-30,13,18.062542,2.769796,18.008354
2024-08-31,13,18.126094,2.762392,18.071716
2024-09-02,13,14.642848,2.32515,14.598919
2024-09-01,13,17.813618,2.750488,17.760177
2024-09-03,13,15.883349,2.431252,15.835699
2024-09-04,13,17.113774,2.574668,17.062433
2024-09-05,13,14.997478,2.44018,14.952486
2024-09-06,13,14.785736,2.274533,14.741379
2024-09-07,13,15.085841,2.344535,15.040583
2024-09-08,13,14.888085,2.334899,14.843421
2024-09-09,13,15.807383,2.4094,15.759961
2024-09-10,14,16.453799,2.532535,16.404438
2024-09-11,14,15.079447,2.414577,15.034209
2024-09-12,14,18.864651,2.807314,18.808057
2024-09-15,13,16.032272,2.629442,15.984175
2024-09-13,14,17.050872,2.569785,16.999719
2024-09-14,12,13.094573,2.439509,13.055289
2024-09-17,14,16.417422,2.705794,16.368170
2024-09-18,14,13.139702,2.407641,13.100283
2024-09-16,12,6.510321,1.483292,6.490790
2024-09-19,14,15.366249,2.488758,15.320150
2024-09-20,13,17.824862,2.842104,17.771387
2024-09-21,13,8.659433,1.469535,8.633455
2024-09-22,14,18.505390,2.906214,18.449874
2024-09-23,14,20.141996,2.912153,20.081570
2024-09-24,14,20.035227,2.908083,19.975121
2024-09-25,14,20.014171,2.977172,19.954128
2024-09-26,14,19.933850,2.899119,19.874048
2024-09-27,14,9.172995,2.295223,9.145476
2024-09-28,14,22.200928,3.16416,22.134325
2024-09-29,14,21.577440,3.044988,21.512708
2024-09-30,14,20.391715,3.123211,20.330540
2024-10-02,14,18.033315,2.880709,17.979215
2024-10-01,14,19.375554,2.617803,19.317427
2024-10-03,14,15.958779,2.802862,15.910903
2024-10-04,14,9.935502,2.459735,9.905695
2024-10-05,14,24.883054,3.326967,24.808405
2024-10-06,14,22.930106,3.189395,22.861316
2024-10-07,14,22.360027,3.180896,22.292947
2024-10-08,14,18.475709,2.818509,18.420282
2024-10-09,14,14.404864,2.212461,14.361649
2024-10-10,13,10.910403,1.899284,10.877672
2024-10-12,14,20.389631,2.906324,20.328462
2024-10-11,14,11.790852,2.390747,11.755479
2024-10-13,14,23.971375,3.40196,23.899461
2024-10-14,14,22.276813,3.390425,22.209983
2024-10-15,14,23.189404,3.309073,23.119836
2024-10-16,14,19.134541,3.069095,19.077137
2024-10-17,14,21.368688,2.78325,21.304582
2024-10-18,14,20.224754,2.894473,20.164080
2024-10-19,14,9.581622,1.708147,9.552877
2024-10-20,14,10.285014,1.756144,10.254159
2024-10-21,14,12.438565,1.886822,12.401249
2024-10-22,14,20.125358,3.349598,20.064982
2024-10-24,14,14.215298,3.421117,14.172652
2024-10-23,14,9.353690,1.965732,9.325629
2024-10-25,14,11.366472,2.499353,11.332373
2024-10-26,14,16.170394,2.305571,16.121883
2024-10-27,14,14.844890,2.486747,14.800355
2024-10-28,14,17.768142,2.881319,17.714838
2024-10-29,14,23.869661,3.349085,23.798052
2024-10-30,14,24.172972,3.427761,24.100453
2024-10-31,14,25.683892,3.582634,25.606840
2024-11-01,14,20.204577,2.948086,20.143963
2024-11-02,14,10.225027,2.279361,10.194352
2024-11-03,14,6.593912,0.985689,6.574130
2024-11-04,14,5.327859,0.876262,5.311875
2024-11-05,14,15.045245,2.15226,15.000109
2024-11-06,14,12.244726,2.366776,12.207992
2024-11-07,14,6.751312,1.158454,6.731058
2024-11-08,14,4.196290,0.864866,4.183701
2024-11-09,14,12.890831,1.962897,12.852159
2024-11-10,14,26.341901,3.606251,26.262875
2024-11-11,14,26.620318,3.358511,26.540457
2024-11-12,14,23.913575,3.221304,23.841834
2024-11-13,14,12.546744,2.028545,12.509104
2024-11-14,14,17.945808,3.292796,17.891971
2024-11-15,14,19.880637,3.15692,19.820995
2024-11-16,14,10.213322,1.971421,10.182682
2024-11-17,14,23.790429,3.550097,23.719058
2024-11-18,14,25.800122,3.571894,25.722722
2024-11-19,14,26.837643,3.438351,26.757130
2024-11-20,14,24.157032,3.273408,24.084561
2024-11-21,14,18.895455,2.66151,18.838769
2024-11-22,14,11.459356,1.864373,11.424978
2024-11-23,14,19.039957,2.792423,18.982837
2024-11-24,14,25.710405,3.680944,25.633274
2024-11-25,14,22.231008,3.098929,22.164315
2024-11-28,14,21.495455,3.412873,21.430969
2024-11-26,14,25.582757,3.319282,25.506009
2024-11-29,14,10.937978,1.511296,10.905164
2024-11-27,14,25.631741,3.454345,25.554846
2024-11-30,14,19.289949,2.448285,19.232079
2024-12-02,14,12.706796,2.59686,12.668676
2024-12-01,14,26.872650,3.577432,26.792032
2024-12-03,14,4.264553,1.448627,4.251759
2024-12-04,14,12.978908,2.854406,12.939971
2024-12-05,14,14.941475,2.423485,14.896651
2024-12-06,14,23.077208,3.210402,23.007976
2024-12-07,14,22.893597,3.501399,22.824916
2024-12-08,14,14.252139,2.226986,14.209383
2024-12-09,14,18.715577,2.464894,18.659430
2024-12-10,14,12.471082,2.593029,12.433669
2024-12-11,15,25.920142,3.357959,25.842382
2024-12-12,14,25.886133,3.600047,25.808475
2024-12-13,14,20.671923,2.891477,20.609907
2024-12-15,15,17.605700,2.967905,17.552883
2024-12-16,15,22.037114,3.051213,21.971003
2024-12-14,14,11.516104,2.282396,11.481556
2024-12-17,15,26.361015,3.412444,26.281932
2024-12-18,15,26.952520,3.34537,26.871662
2024-12-19,14,24.586130,3.116846,24.512372
2024-12-20,14,12.677127,2.669491,12.639096
2024-12-21,14,14.484173,2.74091,14.440720
2024-12-22,14,20.447855,2.624881,20.386511
2024-12-23,14,22.375193,2.819123,22.308067
2024-12-24,15,26.540629,3.467146,26.461007
2024-12-25,15,20.482211,3.54013,20.420764
2024-12-26,14,7.768747,1.934219,7.745441
2024-12-27,15,6.619937,1.092319,6.600077
2024-12-29,14,21.264226,3.531747,21.200433
2024-12-28,14,24.942376,3.172899,24.867549
2024-12-30,15,26.365123,3.392022,26.286028
2024-12-31,15,24.877277,3.339218,24.802645
2025-01-01,15,24.464656,3.345876,24.391262
2025-01-02,14,24.959847,3.671158,24.884967
2025-01-03,15,16.407717,2.608358,16.358494
2025-01-04,15,18.617460,2.756594,18.561608
2025-01-05,15,27.495084,3.629756,27.412599
2025-01-06,15,24.147094,2.861145,24.074653
2025-01-07,15,21.261052,3.331151,21.197269
2025-01-08,14,21.882826,3.384583,21.817178
2025-01-09,15,22.730214,3.113067,22.662023
2025-01-10,15,23.224995,3.188977,23.155320
2025-01-11,15,22.596710,3.517216,22.528920
2025-01-12,15,20.619568,2.707617,20.557709
2025-01-14,15,21.643423,2.816569,21.578493
2025-01-13,15,18.852998,2.700198,18.796439
2025-01-15,14,26.365731,3.513959,26.286634
2025-01-16,14,18.135566,2.806233,18.081159
2025-01-17,14,13.936341,2.009099,13.894532
2025-01-18,15,22.716958,3.403953,22.648807
2025-01-19,14,22.517385,3.200313,22.449833
2025-01-20,15,25.033141,3.21137,24.958042
2025-01-21,15,18.301442,2.923907,18.246538
2025-01-22,15,24.792949,3.754661,24.718570
2025-01-23,13,22.312183,3.601023,22.245246
2025-01-24,14,13.699569,3.028966,13.658470
2025-01-25,14,22.012092,3.041761,21.946056
2025-01-26,12,18.342292,3.370275,18.287265
2025-01-27,15,18.060595,3.205985,18.006413
2025-01-28,14,15.750046,2.282081,15.702796
2025-01-29,14,10.034055,1.78078,10.003953
2025-01-30,14,9.790364,1.978286,9.760993
2025-01-31,14,14.185831,2.006008,14.143274
2025-02-01,14,12.914433,2.298512,12.875690
2025-02-02,14,14.827400,2.32222,14.782918
2025-02-03,14,15.929612,2.377798,15.881823
2025-02-04,14,16.037479,2.650388,15.989367
2025-02-05,14,14.047067,2.750093,14.004926
2025-02-07,14,18.024027,3.313485,17.969955
2025-02-06,14,22.697486,3.337446,22.629394
2025-02-08,14,23.906089,3.47515,23.834371
2025-02-09,14,23.906507,3.41941,23.834787
2025-02-10,14,14.187634,2.386185,14.145071
2025-02-11,14,22.686573,3.308571,22.618513
2025-02-12,14,22.447400,3.30581,22.380058
2025-02-14,14,17.617598,3.075471,17.564745
2025-02-13,14,14.546952,3.161787,14.503311
2025-02-16,14,21.670048,3.432081,21.605038
2025-02-15,14,22.859927,3.22645,22.791347
2025-02-17,14,25.788341,3.455392,25.710976
2025-02-18,14,22.122269,3.332642,22.055902
2025-02-19,14,23.635161,3.18559,23.564256
2025-02-20,13,24.068982,3.390625,23.996775
2025-02-21,14,14.733247,2.612778,14.689047
2025-02-22,14,21.479890,3.491576,21.415450
2025-02-23,14,21.463018,3.316283,21.398629
2025-02-24,14,17.594004,2.810558,17.541222
2025-02-25,14,20.835199,3.329374,20.772693
2025-02-26,14,23.966650,3.429131,23.894750
2025-02-27,14,22.606797,3.424939,22.538977
2025-02-28,11,18.332178,3.628592,18.277181
2025-03-01,14,24.629281,3.297405,24.555393
2025-03-03,14,23.301148,3.336555,23.231245
2025-03-02,14,22.938917,3.13419,22.870100
2025-03-04,14,18.321545,3.589432,18.266580
2025-03-05,14,22.528036,3.316988,22.460452
2025-03-06,14,23.603050,3.279943,23.532241
2025-03-07,14,23.807203,3.343822,23.735781
2025-03-08,14,19.127693,3.205832,19.070310
2025-03-09,13,22.278695,3.409333,22.211859
2025-03-10,13,21.600517,3.223729,21.535715
2025-03-11,11,15.134663,3.046338,15.089259
